URL,Target
eevee.tv,1
appleid.apple.com-sa.pm,1
grandcup.xyz,1
villa-azzurro.com,1
mygpstrip.net,1
35.199.84.117,1
milpitaslions.com,1
pastimenangqq101.com,1
firebasestorage.googleapis.com,1
cheaproomsvalencia.com,1
aprenderparaser.com.br,1
kinemind.com,1
han.gl,1
u.to,1
faktor.rs,1
centromusicalpaternense.es,1
verificare.sella.corporateportal.aggiorniituoidati.com,1
appleid.apple.com-sa.pm,1
biced.iainbukittinggi.ac.id,1
paxful-service.com,1
sportbeclick.com,1
yamionmsuz.com,1
dailyexclusiveoffer.com,1
app-sicredi-br.wpdevcloud.com,1
maticcoupon.com,1
ig-fosa.ch,1
enigreen.net,1
bancoestado700.blogspot.com,1
webapp186332.ip-172-104-4-187.cloudezapp.io,1
digibarre.pt,1
bitscases.gq,1
icloud.com.apple-findmyiphone.world,1
ovastor.egnyte.com,1
payuupal.ddns.net,1
email302.com,1
playarprint.com,1
deref-gmx.net,1
mobileacesso24horas.com,1
wwedvm.appspot.com,1
flightstoeurope.us,1
theaquaticmall.com,1
ltaucard.com,1
bitnskins.com,1
kersgam.com,1
dropbox.com,1
marreme.com,1
docs.google.com,1
lakeviewinnvermont.com,1
coupedeparis.f3m.free.fr,1
greatescapesworkshop.com,1
forms.office.com,1
sites.google.com,1
earlystickgraft.com,1
zcvalkenburg.nl,1
123formbuilder.com,1
kanzleiservice.de,1
tik.info.pl,1
sites.google.com,1
itaucomvoce.com,1
mobrandsglobal.com,1
acessoriamente.com,1
docs.google.com,1
docs.google.com,1
cache.nebula.phx3.secureserver.net,1
dbsdemoonline.com,1
locksmail.com,1
cafecitoperez.ivanidzakovic.com,1
upd-medlav.net,1
login.live.com.skyhigh9157.ms-office-365-email.skyhigh9157.myshn.net,1
verify.mypaypdetails.com,1
bradesconext.digital,1
lum4.com,1
kaizenpak.com,1
chunkyfrog.co.uk,1
rebrand.ly,1
livraisonspeed01.cloudaccess.host,1
atualizarboletovencido.com.br,1
locksmail.com,1
developsys.net,1
lynkos.com.br,1
trsresourcing-my.sharepoint.com,1
gulfeducationservices.com,1
mercvdonegro.com,1
punnetthomes.com,1
synergyathletictraining.com,1
christiantidings.com,1
debbyfoodshop.com,1
taijishentie.com,1
absa.ent.box.com,1
trydent.org,1
koreansamurai.com.au,1
cafecitoperez.ivanidzakovic.com,1
docs.google.com,1
betasus-giir.blogspot.com,1
my-paypal-verification.com,1
scorva.com,1
networksgates.ma,1
perdoesdiesel.com.br,1
caribconnectlaw.com,1
wspolnie.com.pl,1
heeressport.at,1
acercandoelcine.cl,1
davidsonandbeks.com,1
capminvestment.com,1
14.140.233.72,1
ww33.informeapp.me,1
t.co,1
vergaralandscaping.com,1
exoticslimmingherbs.com,1
mockup.metradigitalmedia.com,1
zilojo.com,1
versionprowebss.myfreesites.net,1
advonationusa.com,1
fidoprovider.com,1
stikerpackvkk.000webhostapp.com,1
docs.google.com,1
paypal.co.uk.userusau0jsescq.settingsppup.com,1
gembrite.co.uk,1
baprov-visahome.com,1
starlingintlbnk.com,1
parafiaczarkow.ns48.pl,1
ecotaskforce.com,1
marmaladedigital.in,1
meganmacylesolutions.com,1
sellao-managero.joomla.com,1
gerdalights.buzz,1
cheaphostingsa.co.za,1
gtc-electronica.com,1
powaywelding.com,1
u.nu,1
villasakuraubud.com,1
powr.io,1
lucidfestival.com,1
xn--sparkass-i1a.connect-1412.de,1
hltps-wwv-bancoripley-cl.publicidadtechtre.com,1
rebrand.ly,1
venturegroupit.com,1
ndt-college.kz,1
cherrydancefitness.co.uk,1
outdoorism.com.au,1
cheaproomsvalencia.com,1
hmrc.tax2rebate.com,1
glighting-my.sharepoint.com,1
espace-client.net,1
forms.office.com,1
bit.ly,1
my-3mobile.com,1
docs.google.com,1
stevencrews.com,1
yourfreephoneapp.com,1
chase-verification.diligencees.com,1
forms.gle,1
whare.100webspace.net,1
labyrinthtanning.com,1
updatequota.byethost5.com,1
santuariodelaveronica.com,1
delgadaygordo.com,1
docs.google.com,1
solutionsksa.com,1
modsecpaststudents.com,1
pastimenangqq101.com,1
slempresas.com.br,1
thebankbandb.com.au,1
videosfacebook.today,1
advonationusa.com,1
docs.google.com,1
trustveda.com,1
ltaucard.com,1
bit.ly,1
link.do,1
thelogodept.com,1
couter-nad.firebaseapp.com,1
yourfitnesscorner.com,1
emporio71.com.br,1
aurapropaganda.com,1
phytoger.com,1
birrasalentoshop.it,1
oninet.al,1
www2.fluoder.com.py,1
mtmonly.com,1
grindtimegym.com,1
pd-iskra-lj.si,1
nef.com.pk,1
hamt.jp,1
dongsuh.net,1
netorgft1432979-my.sharepoint.com,1
pattiturner.com,1
ganhar.giftgratis.online,1
unlockghana.com,1
kortalankar.se,1
drcorreamejoresimplantes.com,1
worldfreestuff.icu,1
s2pe7ed9y.rj.r.appspot.com,1
sidreriagalastur.es,1
wizmozinteractive.com,1
s.id,1
housefullfilms.com,1
mycarauctionad.com,1
wkrprime.com.br,1
box5674.temp.domains,1
rangkapselari.com,1
holychildschool.co.in,1
vadodaramarathon.com,1
faridabadeducationcouncil.com,1
verfiayiosnmerer.com,1
inlineglass.com.au,1
careeracademysb-my.sharepoint.com,1
istanbulasiklari.com,1
hairdame.com,1
playarprint.com,1
splash-laundromatlv.com,1
bdsfa.sharepoint.com,1
docs.google.com,1
dichvuvnpt.com,1
khurramandcosolicitors.com,1
oaep.diw.go.th,1
agendarsaque-fgts.online,1
puntaarenas.cl,1
itir4.app.link,1
prakasaws.com,1
cheaproomsvalencia.com,1
10c56fb8-6ae8-4d40-bb14-a3890c961371.htmlcomponentservice.com,1
myozhost.com,1
moonkahonda.com,1
paypal.account.com.cuteideas.gr,1
alergiaalpolen.com,1
travelingwithdee.com,1
gov.hmrc.refund-apply.uk,1
comoliberarhuawei.com,1
icloud.com.support-careplus.com,1
authpro.com,1
c1770209.ferozo.com,1
rockysite.net,1
blackinfinite.catalogoderecompensas.com.br,1
zxe32szefr3.000webhostapp.com,1
diagnosticandstatisticalmanual.org,1
lqw9r6y8q.codesandbox.io,1
pattybarrueta.com,1
firebasestorage.googleapis.com,1
beetleart.com.tr,1
bootnbonnet.org,1
saleschampion.co.uk,1
premiumtickets-offer.com,1
synerquest.com,1
mms.tucsonhispanicchamber.net,1
5bn0j.app.link,1
cwmrc.org,1
usedcopiersaustin.com,1
imxprs.com,1
mom2momlist.com,1
lifetimeconx.com,1
theingredients.net,1
regina.ninetendev.com,1
otonamdinh5s.com,1
y-r.top,1
betaresourcesltd.com,1
hw591.com,1
resgatemobilebb.com,1
peds-ortho.com,1
mereliverystables.com,1
gcspolk.com,1
berliner-sparkasse.de.es-public.com,1
arshermeneutica.org,1
file.docapps.dns-cloud.net,1
communityreview.info,1
plusmarcas.com,1
cmfraj.org,1
gelkayano-nz.com,1
rbcmontgomery.com,1
livraisonspeed002.cloudaccess.host,1
medokofo.ml,1
abano5.ge,1
itauconfirmsecurity.com,1
blueboy.studio,1
crewscontrolmd-my.sharepoint.com,1
shafeimall046.top,1
todosprodutos.com.br,1
w2mgqyeeato6a7.000webhostapp.com,1
jjj.snprobbx.pbz.r.de.a2ip.ru,1
stateagencybe.tumblr.com,1
evh.com.br,1
yadadikh.com,1
kaizenpak.com,1
bizcloudz.net,1
cybergata.com,1
scienceimpulsefoundation.org,1
signalsnipe.com,1
loginsteam.com,1
gkjx168.com,1
speedy.com.pk,1
104.237.152.236,1
berkshirelnp.org,1
vaunty-halt.000webhostapp.com,1
zdravets.org,1
verizon-wirelesscustomerservice.com,1
chineshydromechanical.com,1
bit.ly,1
dusperdesi.net,1
playarprint.com,1
qrxhskj.cluster028.hosting.ovh.net,1
bookedandboarding.com,1
216.222.194.94,1
lantikiradar.com,1
gulhasal.com,1
napavalleynanny.com,1
tansus.co.uk,1
storage.googleapis.com,1
f37xs.app.link,1
wavesetholdings.com,1
dameidaijia.com,1
sattvagroupexotic.in,1
fesondeby.com,1
castromonitoramento.com.br,1
ziptopia53.com,1
mootah-medical.com,1
obixpdf.sa7o.com,1
stereovision.biz,1
electroopticalcomp.com,1
am-t.by,1
exler-karosserie.at,1
docs.google.com,1
livenmitac-my.sharepoint.com,1
wavesetholdings.com,1
detes.sk,1
kirkwoodbowlfoundation.org,1
saliha.imlkwt.com,1
vixas.atwebpages.com,1
housefullfilms.com,1
hentech.com.hk,1
donslan.com,1
vicariapastoralgdl.org,1
locksmail.com,1
pedacinhodefriburgo.com.br,1
motorradclubbergamo.it,1
grupprontalgaming.25u.com,1
mission2freedom.com,1
alquileres.com.py,1
igrzyskasto.pl,1
theapple-tech.com,1
especialmentemaes.com,1
poonammishra.in,1
mail01.tinyletterapp.com,1
locksmail.com,1
kandbmoldedproducts.com,1
sardineroabogados.com,1
uncommoncbd.com,1
lagelijundiai.com.br,1
camadanyapimalzemeleri.com,1
docs.google.com,1
elpla.pl,1
comunitaefamiglia.org,1
barbarahennelly.com,1
playarprint.com,1
upd-medlav.net,1
theingredients.net,1
bet365cp.net,1
butlercourse.com,1
turkmcse.com,1
dehkadenovin.com,1
autorizador5.com.br,1
eevee.tv,1
itacardacesso.com,1
dreamhouse.in.th,1
assicuriamoci.net,1
tokokainbandung.com,1
greenowladvisers.com,1
lyonpress.com.br,1
martazancanaro.com,1
lagelijundiai.com.br,1
gooyatoronto.com,1
metrological-focus.000webhostapp.com,1
docs.google.com,1
labyrinthtanning.com,1
zonasegurobetabcp.com,1
zrq2y.weblium.site,1
youngil.co.kr,1
hm-onlineapplication.ga,1
secure.runescape.com-en.ru,1
videosfacebook.today,1
etecindsvc.com,1
center302.team,1
3.ly,1
intesagruppoisp-web.000webhostapp.com,1
onedrive.live.com,1
wildpridesafaris.com,1
sriutamahub.com,1
accurate-engineers.in,1
appleid.apple.com.secured-login-recuperation-id.world,1
grupocamco.cl,1
kidms.com,1
paypalp.ontraport.com,1
bethesdaalur.org,1
inconfis.com,1
se-connecter.net,1
mariavandana.com,1
adtekz.com,1
exodus.io98741.ml,1
willingcartworthsupplies.com,1
ugaflix.com,1
beetleart.com.tr,1
flavena.co.rs,1
bly-socks.com.ua,1
chad-moore.com,1
inversionesgini.com,1
samducksports.com,1
edhs85.com,1
utffunds.com,1
group.agriparts.kz,1
momos-ambachtelijkeijs.nl,1
steamcoummunity.gq,1
suspended-profiles.blogspot.com,1
testing-adjusting-balancing.com,1
mncelektronik.com,1
tptelecom.it,1
houseoftiresbcs.com,1
funetwork.tv,1
paypal.ping0n.vip,1
176.119.1.180,1
b.link,1
livestudentccc-my.sharepoint.com,1
tsdesignstudio.net,1
balitransithotel.com,1
ebay.de.phodo.vn,1
maersklinesllc.dx.am,1
